ID,ID
aadt,aadt
zts_LConn,zts_Line Connectivity
zts_LLen,zts_Line Length
zts_LFrac,zts_Link Fraction
zts_LAC,zts_Line Ang Curvature
zts_LSin,zts_Line Sinuosity
zts_LBear,zts_Line Bearing
zts_HMf,zts_Hybrid Metric fwd
zts_HMb,zts_Hybrid Metric bwd
zts_MHD200,zts_Mean Hybrid Dist R20000
zts_NQPDH2,zts_NetQuantPD Hybrid R20000
zts_BtH200,zts_Betweenness Hybrid R20000
zts_TPBtH2,zts_TPBetweenness Hybrid R20000
zts_TPD200,zts_TPDestination R20000
zts_Lnk200,zts_Links R20000
zts_Len200,zts_Length R20000
zts_AngD20,zts_Ang Dist R20000
zts_Wt2000,zts_Weight R20000
zts_Jnc200,zts_Junctions R20000
zts_Con200,zts_Connectivity R20000
zts_MGLH20,zts_MeanGeoLen Hybrid R20000
zts_MCF200,zts_Mean Crow Flight R20000
zts_DivH20,zts_Diversion Ratio Hybrid R20000
zts_HullA2,zts_Convex Hull Area R20000
zts_HullP2,zts_Convex Hull Perimeter R20000
zts_HullR2,zts_Convex Hull Max Radius R20000
zts_HullB2,zts_Convex Hull Bearing R20000
zts_HullSI,zts_Convex Hull Shape Index R20000
